"","(Intercept)","X1","X2"
"1",1.98203623245442,1.9877561245024,2.00469055083043
