"","(Intercept)","X1","X2"
"1",1.99554973697642,1.99103059079835,1.98523722607033
