"","(Intercept)","X1","X2"
"1",1.98365732480988,1.9880089017119,2.00401613460661
